﻿<parameters>
  <parameter name="IIS Web Application Name" defaultValue="Default Web Site/UlisesV5000/U5kCfg/Servicios" tags="IisApp">
    <parameterEntry kind="ProviderPath" scope="IisApp" match="^C:\\Users\\Administrator\\AppData\\Local\\Temp\\WebSitePublish\\Servicios-717848026\\obj\\Debug\\Package\\PackageTmp$" />
    <parameterEntry kind="ProviderPath" scope="setAcl" match="^C:\\Users\\Administrator\\AppData\\Local\\Temp\\WebSitePublish\\Servicios-717848026\\obj\\Debug\\Package\\PackageTmp$" />
  </parameter>
  <parameter name="ConexionBaseDatosCD40-Web.config Connection String" defaultValue="Server=localhost;Database=new_cd40_TPD;Uid=root;Pwd=cd40">
    <parameterEntry kind="XmlFile" scope="C:\\Users\\Administrator\\AppData\\Local\\Temp\\WebSitePublish\\Servicios-717848026\\obj\\Debug\\Package\\PackageTmp\\Web\.config$" match="/configuration/connectionStrings/add[@name='ConexionBaseDatosCD40']/@connectionString" />
  </parameter>
  <parameter name="ConexionBaseDatosCD40_Trans-Web.config Connection String" defaultValue="Server=localhost;Database=new_cd40_trans_TPD;Uid=root;Pwd=cd40;">
    <parameterEntry kind="XmlFile" scope="C:\\Users\\Administrator\\AppData\\Local\\Temp\\WebSitePublish\\Servicios-717848026\\obj\\Debug\\Package\\PackageTmp\\Web\.config$" match="/configuration/connectionStrings/add[@name='ConexionBaseDatosCD40_Trans']/@connectionString" />
  </parameter>
</parameters>