﻿<parameters>
  <parameter name="IIS Web Application Name" defaultValue="Default Web Site/UlisesV5000/U5kCfg/SincronizaCD30" tags="IisApp">
    <parameterEntry kind="ProviderPath" scope="IisApp" match="^C:\\Users\\Administrator\\AppData\\Local\\Temp\\WebSitePublish\\SincronizaCD30-2011340792\\obj\\Debug\\Package\\PackageTmp$" />
    <parameterEntry kind="ProviderPath" scope="setAcl" match="^C:\\Users\\Administrator\\AppData\\Local\\Temp\\WebSitePublish\\SincronizaCD30-2011340792\\obj\\Debug\\Package\\PackageTmp$" />
  </parameter>
  <parameter name="ConexionBaseDatosCD30-Web.config Connection String" defaultValue="Server=192.168.0.71;Database=cd30;User=cd30; Password=#picd30#;">
    <parameterEntry kind="XmlFile" scope="C:\\Users\\Administrator\\AppData\\Local\\Temp\\WebSitePublish\\SincronizaCD30-2011340792\\obj\\Debug\\Package\\PackageTmp\\Web\.Config$" match="/configuration/connectionStrings/add[@name='ConexionBaseDatosCD30']/@connectionString" />
  </parameter>
  <parameter name="ConexionBaseDatosCD40-Web.config Connection String" defaultValue="Server=192.168.0.71;Database=CD40;Uid=root;Pwd=cd40;">
    <parameterEntry kind="XmlFile" scope="C:\\Users\\Administrator\\AppData\\Local\\Temp\\WebSitePublish\\SincronizaCD30-2011340792\\obj\\Debug\\Package\\PackageTmp\\Web\.Config$" match="/configuration/connectionStrings/add[@name='ConexionBaseDatosCD40']/@connectionString" />
  </parameter>
</parameters>